"Î», nm",FL1,FL2*,FL3,FL4,FL5,FL6,FL7*,FL8
380,1.87,1.18,0.82,0.57,1.87,1.05,2.56,1.21
381,1.968,1.24,0.86,0.596,1.9660000000000002,1.102,2.684,1.268
382,2.066,1.3,0.9,0.622,2.0620000000000003,1.1540000000000001,2.8080000000000003,1.326
383,2.1639999999999997,1.3599999999999999,0.94,0.6479999999999999,2.1580000000000004,1.206,2.9320000000000004,1.384
384,2.262,1.42,0.98,0.6739999999999999,2.254,1.258,3.056,1.442
385,2.36,1.48,1.02,0.7,2.35,1.31,3.18,1.5
386,2.476,1.552,1.068,0.734,2.464,1.374,3.3120000000000003,1.562
387,2.592,1.624,1.116,0.768,2.578,1.438,3.444,1.624
388,2.708,1.6960000000000002,1.1640000000000001,0.802,2.692,1.502,3.576,1.686
389,2.824,1.768,1.212,0.836,2.806,1.5659999999999998,3.708,1.748
390,2.94,1.84,1.26,0.87,2.92,1.63,3.84,1.81
391,3.046,1.9020000000000001,1.296,0.892,3.026,1.684,3.9779999999999998,1.874
392,3.152,1.964,1.332,0.914,3.132,1.738,4.116,1.938
393,3.258,2.026,1.3679999999999999,0.9359999999999999,3.238,1.7919999999999998,4.2540000000000004,2.002
394,3.3640000000000003,2.088,1.404,0.958,3.3440000000000003,1.8459999999999999,4.392,2.066
395,3.47,2.15,1.44,0.98,3.45,1.9,4.53,2.13
396,3.81,2.408,1.666,1.186,3.7800000000000002,2.142,4.854,2.338
397,4.15,2.666,1.892,1.392,4.11,2.384,5.178,2.546
398,4.49,2.924,2.118,1.5979999999999999,4.4399999999999995,2.626,5.502000000000001,2.754
399,4.83,3.182,2.344,1.8039999999999998,4.77,2.868,5.8260000000000005,2.9619999999999997
400,5.17,3.44,2.57,2.01,5.1,3.11,6.15,3.17
401,8.033999999999999,5.890000000000001,4.927999999999999,4.358,7.862,5.448,8.794,5.152
402,10.898,8.34,7.286,6.7059999999999995,10.623999999999999,7.786,11.438,7.134
403,13.761999999999999,10.790000000000001,9.643999999999998,9.053999999999998,13.386,10.124,14.082,9.116
404,16.625999999999998,13.24,12.001999999999999,11.402,16.148,12.462,16.726,11.097999999999999
405,19.49,15.69,14.36,13.75,18.91,14.8,19.37,13.08
406,16.817999999999998,13.322,12.027999999999999,11.39,16.328,12.526,16.970000000000002,11.23
407,14.145999999999999,10.954,9.696,9.03,13.746,10.252,14.57,9.379999999999999
408,11.474,8.586,7.364,6.669999999999999,11.164000000000001,7.978000000000001,12.170000000000002,7.529999999999999
409,8.802,6.218,5.032,4.309999999999999,8.582,5.704000000000001,9.770000000000001,5.68
410,6.13,3.85,2.7,1.95,6.0,3.43,7.37,3.83
411,6.152,3.8280000000000003,2.6500000000000004,1.878,6.022,3.404,7.306,3.754
412,6.174,3.806,2.6,1.806,6.0440000000000005,3.378,7.242,3.678
413,6.196,3.7840000000000003,2.5500000000000003,1.734,6.066,3.352,7.178,3.6020000000000003
414,6.218,3.762,2.5,1.662,6.088,3.326,7.114,3.5260000000000002
415,6.24,3.74,2.45,1.59,6.11,3.3,7.05,3.45
416,6.394,3.83,2.5060000000000002,1.624,6.258,3.376,7.1819999999999995,3.532
417,6.548,3.9200000000000004,2.5620000000000003,1.6580000000000001,6.406,3.452,7.314,3.614
418,6.702,4.010000000000001,2.618,1.692,6.554,3.528,7.446,3.696
419,6.856,4.1000000000000005,2.674,1.726,6.702,3.604,7.578,3.778
420,7.01,4.19,2.73,1.76,6.85,3.68,7.71,3.86
421,7.1659999999999995,4.276000000000001,2.784,1.794,6.9959999999999996,3.758,7.85,3.972
422,7.322,4.362,2.838,1.828,7.1419999999999995,3.8360000000000003,7.99,4.084
423,7.478,4.448,2.892,1.8619999999999999,7.288,3.914,8.13,4.196
424,7.634,4.534,2.946,1.896,7.434,3.9920000000000004,8.27,4.308
425,7.79,4.62,3.0,1.93,7.58,4.07,8.41,4.42
426,7.944,4.708,3.056,1.964,7.726,4.146,8.558,4.554
427,8.098,4.796,3.112,1.998,7.872,4.222,8.706,4.688
428,8.252,4.8839999999999995,3.1679999999999997,2.032,8.018,4.298,8.854000000000001,4.822
429,8.406,4.9719999999999995,3.2239999999999998,2.066,8.164,4.3740000000000006,9.002,4.9559999999999995
430,8.56,5.06,3.28,2.1,8.31,4.45,9.15,5.09
431,15.582,11.044,8.994,7.736000000000001,14.8,10.082,16.148,10.892
432,22.604,17.028,14.708,13.372,21.29,15.713999999999999,23.146,16.694000000000003
433,29.626000000000005,23.011999999999997,20.422000000000004,19.008000000000003,27.78,21.346,30.144,22.496000000000002
434,36.648,28.996,26.136000000000003,24.644000000000002,34.269999999999996,26.977999999999998,37.142,28.298000000000002
435,43.67,34.98,31.85,30.28,40.76,32.61,44.14,34.1
436,38.324,30.345999999999997,27.374000000000002,25.830000000000002,35.82,28.236,38.816,29.764000000000003
437,32.978,25.712,22.898,21.380000000000003,30.88,23.862000000000002,33.492000000000004,25.428
438,27.632,21.078000000000003,18.421999999999997,16.93,25.939999999999998,19.488,28.168,21.092
439,22.286,16.444000000000003,13.945999999999998,12.48,21.0,15.114,22.844,16.756
440,16.94,11.81,9.47,8.03,16.06,10.74,17.52,12.42
441,15.696000000000002,10.702,8.38,6.933999999999999,14.911999999999999,9.688,16.286,11.472
442,14.452000000000002,9.594000000000001,7.29,5.837999999999999,13.764,8.636,15.052,10.524
443,13.208,8.486,6.199999999999999,4.742,12.616,7.584,13.818,9.576
444,11.964,7.378,5.109999999999999,3.646,11.468,6.532,12.584,8.628
445,10.72,6.27,4.02,2.55,10.32,5.48,11.35,7.68
446,10.846,6.342,4.066,2.58,10.438,5.54,11.48,7.864
447,10.972,6.414,4.112,2.61,10.556000000000001,5.6000000000000005,11.61,8.048
448,11.098,6.486,4.1579999999999995,2.64,10.674,5.66,11.74,8.232
449,11.224,6.558,4.204,2.67,10.792,5.720000000000001,11.87,8.416
450,11.35,6.63,4.25,2.7,10.91,5.78,12.0,8.6
451,11.458,6.6899999999999995,4.288,2.724,11.008000000000001,5.83,12.116,8.772
452,11.566,6.75,4.3260000000000005,2.748,11.106,5.88,12.232,8.944
453,11.674,6.81,4.364,2.772,11.204,5.930000000000001,12.348,9.116
454,11.782,6.87,4.402,2.796,11.302,5.98,12.464,9.288
455,11.89,6.93,4.44,2.82,11.4,6.03,12.58,9.46
456,11.986,6.982,4.470000000000001,2.838,11.486,6.074,12.68,9.616000000000001
457,12.082,7.034,4.5,2.856,11.572000000000001,6.118,12.78,9.772
458,12.177999999999999,7.086,4.53,2.874,11.658,6.162,12.88,9.928
459,12.274,7.138,4.56,2.892,11.744,6.206,12.98,10.084
460,12.37,7.19,4.59,2.91,11.83,6.25,13.08,10.24
461,12.446,7.232,4.616,2.926,11.898,6.282,13.154,10.36
462,12.522,7.274,4.6419999999999995,2.942,11.966,6.314,13.228,10.48
463,12.597999999999999,7.316000000000001,4.668,2.958,12.034,6.346,13.302,10.6
464,12.674,7.3580000000000005,4.694,2.974,12.102,6.378,13.376,10.72
465,12.75,7.4,4.72,2.99,12.17,6.41,13.45,10.84
466,12.8,7.428,4.736,3.0,12.216,6.432,13.501999999999999,10.938
467,12.85,7.456,4.752,3.0100000000000002,12.262,6.454,13.554,11.036
468,12.9,7.484,4.768,3.02,12.308,6.476,13.606,11.134
469,12.95,7.5120000000000005,4.784,3.0300000000000002,12.354000000000001,6.497999999999999,13.658000000000001,11.232
470,13.0,7.54,4.8,3.04,12.4,6.52,13.71,11.33
471,13.03,7.556,4.812,3.048,12.428,6.532,13.744000000000002,11.406
472,13.06,7.572,4.824,3.056,12.456,6.544,13.778,11.482000000000001
473,13.09,7.588,4.836,3.064,12.484,6.556,13.812000000000001,11.558
474,13.120000000000001,7.604,4.848,3.072,12.511999999999999,6.568,13.846,11.634
475,13.15,7.62,4.86,3.08,12.54,6.58,13.88,11.71
476,13.166,7.626,4.862,3.082,12.548,6.582,13.894,11.764000000000001
477,13.182,7.632000000000001,4.864,3.084,12.556,6.584,13.908,11.818000000000001
478,13.198,7.638,4.8660000000000005,3.086,12.564,6.586,13.922,11.872
479,13.214,7.644,4.868,3.088,12.572,6.588,13.936,11.926
480,13.23,7.65,4.87,3.09,12.58,6.59,13.95,11.98
481,13.218,7.644,4.866,3.09,12.568,6.584,13.946,12.018
482,13.206,7.638,4.862,3.09,12.556,6.577999999999999,13.942,12.056000000000001
483,13.194,7.632000000000001,4.858,3.09,12.544,6.572,13.937999999999999,12.094
484,13.182,7.626,4.854,3.09,12.532,6.566,13.934,12.132
485,13.17,7.62,4.85,3.09,12.52,6.56,13.93,12.17
486,13.162,7.62,4.856,3.1,12.51,6.56,13.908,12.192
487,13.154,7.62,4.862,3.11,12.5,6.56,13.886,12.214
488,13.146,7.62,4.867999999999999,3.12,12.49,6.56,13.864,12.235999999999999
489,13.138,7.62,4.874,3.13,12.48,6.56,13.842,12.258
490,13.13,7.62,4.88,3.14,12.47,6.56,13.82,12.28
491,13.074,7.586,4.858,3.124,12.416,6.532,13.784,12.288
492,13.018,7.5520000000000005,4.835999999999999,3.108,12.362,6.504,13.748000000000001,12.296
493,12.962,7.518,4.814,3.092,12.308,6.476,13.712,12.304
494,12.906,7.484,4.792,3.076,12.254,6.4479999999999995,13.676,12.312
495,12.85,7.45,4.77,3.06,12.2,6.42,13.64,12.32
496,12.783999999999999,7.416,4.75,3.048,12.138,6.392,13.598,12.326
497,12.718,7.382000000000001,4.7299999999999995,3.036,12.076,6.364,13.556000000000001,12.332
498,12.652,7.348,4.71,3.024,12.014,6.336,13.514,12.338
499,12.586,7.314,4.6899999999999995,3.012,11.952,6.308,13.472,12.344
500,12.52,7.28,4.67,3.0,11.89,6.28,13.43,12.35
501,12.456,7.2540000000000004,4.66,2.996,11.834,6.264,13.394,12.368
502,12.392,7.228000000000001,4.65,2.992,11.778,6.248,13.358,12.386
503,12.328,7.202,4.64,2.988,11.722,6.232,13.322,12.404
504,12.264,7.176,4.63,2.984,11.666,6.216,13.286,12.421999999999999
505,12.2,7.15,4.62,2.98,11.61,6.2,13.25,12.44
506,12.126,7.13,4.62,2.9859999999999998,11.554,6.198,13.216,12.462
507,12.052,7.11,4.62,2.992,11.498,6.196000000000001,13.182,12.484
508,11.978,7.09,4.62,2.9979999999999998,11.442,6.194,13.148,12.506
509,11.904,7.07,4.62,3.004,11.386,6.192,13.114,12.528
510,11.83,7.05,4.62,3.01,11.33,6.19,13.08,12.55
511,11.764,7.048,4.642,3.036,11.284,6.212000000000001,13.05,12.576
512,11.698,7.046,4.664000000000001,3.062,11.238,6.234,13.02,12.602
513,11.632,7.044,4.686,3.088,11.192,6.256,12.99,12.628
514,11.566,7.042,4.708,3.114,11.145999999999999,6.278,12.959999999999999,12.654
515,11.5,7.04,4.73,3.14,11.1,6.3,12.93,12.68
516,11.444,7.064,4.782,3.194,11.072,6.359999999999999,12.9,12.698
517,11.388,7.088,4.8340000000000005,3.248,11.044,6.42,12.87,12.716
518,11.332,7.112,4.886,3.302,11.016,6.4799999999999995,12.84,12.734
519,11.276,7.136,4.938000000000001,3.3560000000000003,10.988000000000001,6.54,12.809999999999999,12.751999999999999
520,11.22,7.16,4.99,3.41,10.96,6.6,12.78,12.77
521,11.186,7.222,5.088,3.508,10.962000000000002,6.704,12.744,12.76
522,11.152000000000001,7.284,5.186,3.606,10.964,6.808,12.708,12.75
523,11.118,7.346,5.284000000000001,3.7039999999999997,10.966000000000001,6.912,12.671999999999999,12.74
524,11.084000000000001,7.4079999999999995,5.382000000000001,3.802,10.968,7.016,12.636,12.73
525,11.05,7.47,5.48,3.9,10.97,7.12,12.6,12.72
526,11.046000000000001,7.584,5.634,4.058,11.008000000000001,7.284,12.568,12.696
527,11.042,7.6979999999999995,5.788,4.216,11.046000000000001,7.448,12.536,12.672
528,11.038,7.811999999999999,5.942,4.3740000000000006,11.084,7.612,12.504,12.648
529,11.033999999999999,7.925999999999999,6.096,4.532,11.122,7.776000000000001,12.472,12.624
530,11.03,8.04,6.25,4.69,11.16,7.94,12.44,12.6
531,11.059999999999999,8.208,6.468,4.914000000000001,11.236,8.166,12.418,12.565999999999999
532,11.09,8.376,6.686,5.138,11.312,8.392,12.395999999999999,12.532
533,11.12,8.544,6.904,5.362,11.388,8.618,12.374,12.498
534,11.15,8.712,7.122,5.585999999999999,11.463999999999999,8.844000000000001,12.352,12.464
535,11.18,8.88,7.34,5.81,11.54,9.07,12.33,12.43
536,11.25,9.106,7.628,6.112,11.655999999999999,9.354000000000001,12.316,12.388
537,11.32,9.332,7.9159999999999995,6.414,11.771999999999998,9.638,12.302,12.346
538,11.389999999999999,9.558,8.203999999999999,6.716,11.888,9.922,12.288,12.304
539,11.459999999999999,9.784,8.491999999999999,7.018000000000001,12.004,10.206,12.274,12.262
540,11.53,10.01,8.78,7.32,12.12,10.49,12.26,12.22
541,14.771999999999998,12.984,11.788,10.374,15.251999999999999,13.436,15.712,15.568000000000001
542,18.014,15.957999999999998,14.796,13.428,18.384,16.381999999999998,19.163999999999998,18.916
543,21.256,18.932,17.804000000000002,16.482,21.516,19.328,22.616,22.264000000000003
544,24.497999999999998,21.906,20.811999999999998,19.536,24.648000000000003,22.274,26.067999999999998,25.612000000000002
545,27.74,24.88,23.82,22.59,27.78,25.22,29.52,28.96
546,25.602,23.232,22.284,21.094,25.77,23.668,27.026,26.470000000000002
547,23.464,21.584,20.748,19.598,23.76,22.116,24.532,23.98
548,21.326,19.936,19.212,18.102,21.75,20.564,22.038,21.490000000000002
549,19.188000000000002,18.288,17.676000000000002,16.606,19.740000000000002,19.012,19.544,19.0
550,17.05,16.64,16.14,15.11,17.73,17.46,17.05,16.51
551,16.35,16.23,15.83,14.863999999999999,17.078,17.094,16.128,15.566
552,15.65,15.82,15.52,14.618,16.426000000000002,16.728,15.206,14.622
553,14.950000000000001,15.41,15.21,14.372,15.774000000000001,16.362000000000002,14.283999999999999,13.678
554,14.25,15.0,14.9,14.126000000000001,15.122,15.996,13.362,12.734
555,13.55,14.59,14.59,13.88,14.47,15.63,12.44,11.79
556,13.706000000000001,14.904,14.998,14.370000000000001,14.616,15.948,12.468,11.783999999999999
557,13.862,15.218,15.405999999999999,14.86,14.762,16.266,12.496,11.777999999999999
558,14.018,15.532,15.814,15.35,14.908,16.584,12.524,11.772
559,14.174,15.846,16.221999999999998,15.839999999999998,15.054,16.902,12.552,11.766
560,14.33,16.16,16.63,16.33,15.2,17.22,12.58,11.76
561,14.466,16.44,17.002,16.799999999999997,15.314,17.482,12.608,11.762
562,14.602,16.72,17.374,17.27,15.427999999999999,17.744,12.636000000000001,11.764
563,14.738,17.0,17.746,17.74,15.542,18.006,12.664,11.766
564,14.874,17.279999999999998,18.118,18.21,15.655999999999999,18.268,12.692,11.767999999999999
565,15.01,17.56,18.49,18.68,15.77,18.53,12.72,11.77
566,15.112,17.772,18.782,19.072,15.836,18.71,12.742,11.783999999999999
567,15.214,17.983999999999998,19.073999999999998,19.464,15.902000000000001,18.89,12.764000000000001,11.798
568,15.315999999999999,18.196,19.366,19.856,15.968,19.07,12.786,11.812
569,15.418,18.408,19.657999999999998,20.248,16.034000000000002,19.25,12.808,11.826
570,15.52,18.62,19.95,20.64,16.1,19.43,12.83,11.84
571,16.073999999999998,19.19,20.582,21.368000000000002,16.588,19.938,13.356,12.394
572,16.628,19.76,21.214,22.096,17.076,20.445999999999998,13.882,12.948
573,17.182,20.33,21.846,22.824,17.564,20.954,14.408000000000001,13.501999999999999
574,17.736,20.9,22.477999999999998,23.552,18.052,21.462,14.934000000000001,14.056
575,18.29,21.47,23.11,24.28,18.54,21.97,15.46,14.61
576,18.541999999999998,21.733999999999998,23.426,24.676000000000002,18.732,22.178,15.718,14.91
577,18.794,21.997999999999998,23.742,25.072000000000003,18.924,22.386,15.976,15.209999999999999
578,19.046,22.262,24.058,25.468,19.116,22.594,16.234,15.51
579,19.298000000000002,22.526,24.374000000000002,25.864,19.308,22.802,16.492,15.809999999999999
580,19.55,22.79,24.69,26.26,19.5,23.01,16.75,16.11
581,18.736,22.09,24.034000000000002,25.664,18.678,22.290000000000003,15.966,15.356
582,17.922,21.39,23.378,25.068,17.856,21.57,15.182,14.602
583,17.108,20.689999999999998,22.722,24.472,17.034,20.85,14.398,13.847999999999999
584,16.294,19.99,22.066,23.876,16.212,20.13,13.614,13.094
585,15.48,19.29,21.41,23.28,15.39,19.41,12.83,12.34
586,15.366,19.163999999999998,21.298000000000002,23.212,15.24,19.24,12.798,12.378
587,15.252,19.038,21.186,23.144000000000002,15.09,19.07,12.766,12.416
588,15.138,18.912,21.074,23.076,14.940000000000001,18.9,12.734,12.453999999999999
589,15.024000000000001,18.786,20.962,23.008000000000003,14.790000000000001,18.73,12.702,12.491999999999999
590,14.91,18.66,20.85,22.94,14.64,18.56,12.67,12.53
591,14.758000000000001,18.474,20.666,22.78,14.456000000000001,18.332,12.626,12.568
592,14.606,18.288,20.482,22.62,14.272,18.104,12.581999999999999,12.606
593,14.454,18.102,20.298000000000002,22.46,14.088000000000001,17.876,12.538,12.644
594,14.302,17.916,20.114,22.3,13.904,17.648,12.494,12.682
595,14.15,17.73,19.93,22.14,13.72,17.42,12.45,12.72
596,13.964,17.492,19.678,21.894000000000002,13.514000000000001,17.154,12.398,12.76
597,13.778,17.254,19.426000000000002,21.648,13.308,16.888,12.346,12.8
598,13.592,17.016,19.174,21.402,13.102,16.622,12.293999999999999,12.84
599,13.406,16.778,18.922,21.156,12.895999999999999,16.356,12.241999999999999,12.88
600,13.22,16.54,18.67,20.91,12.69,16.09,12.19,12.92
601,13.014000000000001,16.274,18.380000000000003,20.614,12.466,15.8,12.129999999999999,12.959999999999999
602,12.808,16.008,18.09,20.318,12.241999999999999,15.51,12.07,13.0
603,12.602,15.742,17.8,20.022,12.018,15.22,12.01,13.04
604,12.395999999999999,15.476,17.509999999999998,19.726,11.794,14.93,11.950000000000001,13.08
605,12.19,15.21,17.22,19.43,11.57,14.64,11.89,13.12
606,11.975999999999999,14.928,16.906,19.092,11.346,14.342,11.832,13.164
607,11.761999999999999,14.646,16.592,18.753999999999998,11.122,14.044,11.774000000000001,13.208
608,11.548,14.364,16.278,18.416,10.898,13.746,11.716,13.251999999999999
609,11.334,14.082,15.964,18.078,10.674,13.448,11.658,13.296
610,11.12,13.8,15.65,17.74,10.45,13.15,11.6,13.34
611,10.902,13.512,15.328,17.392,10.229999999999999,12.856,11.549999999999999,13.394
612,10.684,13.224,15.006,17.044,10.01,12.562,11.5,13.448
613,10.466,12.936,14.684,16.695999999999998,9.79,12.268,11.45,13.501999999999999
614,10.248,12.648,14.362,16.348,9.57,11.974,11.4,13.556
615,10.03,12.36,14.04,16.0,9.35,11.68,11.35,13.61
616,9.814,12.078,13.722,15.684,9.138,11.394,11.304,13.661999999999999
617,9.597999999999999,11.796,13.404,15.368,8.926,11.108,11.258,13.713999999999999
618,9.382,11.514,13.085999999999999,15.052,8.713999999999999,10.822,11.212,13.766
619,9.165999999999999,11.232,12.767999999999999,14.736,8.501999999999999,10.536,11.165999999999999,13.818
620,8.95,10.95,12.45,14.42,8.29,10.25,11.12,13.87
621,8.751999999999999,10.69,12.149999999999999,14.048,8.096,9.99,11.085999999999999,13.91
622,8.554,10.43,11.85,13.676,7.901999999999999,9.73,11.052,13.95
623,8.356,10.17,11.549999999999999,13.304,7.708,9.469999999999999,11.017999999999999,13.99
624,8.158,9.91,11.25,12.932,7.514,9.209999999999999,10.984,14.03
625,7.96,9.65,10.95,12.56,7.32,8.95,10.95,14.07
626,7.772,9.4,10.661999999999999,12.234,7.138,8.708,10.911999999999999,14.096
627,7.584,9.15,10.373999999999999,11.908,6.956,8.466,10.873999999999999,14.122
628,7.396,8.9,10.086,11.582,6.774,8.224,10.836,14.148
629,7.207999999999999,8.65,9.798,11.256,6.5920000000000005,7.982,10.798,14.174
630,7.02,8.4,9.51,10.93,6.41,7.74,10.76,14.2
631,6.856,8.184000000000001,9.262,10.648,6.2540000000000004,7.53,10.692,14.192
632,6.692,7.968,9.014,10.366,6.098,7.32,10.624,14.184
633,6.528,7.752000000000001,8.766,10.084,5.942,7.11,10.556,14.176
634,6.364,7.5360000000000005,8.517999999999999,9.802,5.786,6.9,10.488,14.168
635,6.2,7.32,8.27,9.52,5.63,6.69,10.42,14.16
636,6.0440000000000005,7.118,8.038,9.251999999999999,5.484,6.494000000000001,10.358,14.154
637,5.888,6.916,7.806,8.984,5.338,6.298,10.296,14.148
638,5.732,6.714,7.574,8.716,5.192,6.102,10.234,14.142000000000001
639,5.576,6.512,7.3420000000000005,8.448,5.046,5.906,10.171999999999999,14.136000000000001
640,5.42,6.31,7.11,8.18,4.9,5.71,10.11,14.13
641,5.282,6.1339999999999995,6.906000000000001,7.946,4.772,5.542,10.096,14.172
642,5.144,5.957999999999999,6.702,7.712,4.644,5.374,10.081999999999999,14.214
643,5.006,5.782,6.498,7.478,4.516,5.2059999999999995,10.068,14.256
644,4.868,5.606,6.294,7.244,4.388,5.038,10.053999999999998,14.298
645,4.73,5.43,6.09,7.01,4.26,4.87,10.04,14.34
646,4.614000000000001,5.279999999999999,5.9159999999999995,6.808,4.152,4.728,10.036,14.372
647,4.498,5.13,5.742,6.606,4.044,4.586,10.032,14.404
648,4.382000000000001,4.9799999999999995,5.568,6.404,3.936,4.444,10.027999999999999,14.436
649,4.266,4.83,5.394,6.202,3.8280000000000003,4.3020000000000005,10.024,14.468
650,4.15,4.68,5.22,6.0,3.72,4.16,10.02,14.5
651,4.048,4.548,5.066,5.822,3.6260000000000003,4.038,10.038,14.492
652,3.946,4.4159999999999995,4.912,5.644,3.532,3.916,10.056,14.484
653,3.8440000000000003,4.284,4.758,5.466,3.438,3.794,10.074,14.476
654,3.742,4.151999999999999,4.604,5.288,3.344,3.6719999999999997,10.091999999999999,14.468
655,3.64,4.02,4.45,5.11,3.25,3.55,10.11,14.46
656,3.552,3.9059999999999997,4.32,4.96,3.166,3.444,10.062,14.368
657,3.464,3.792,4.19,4.8100000000000005,3.082,3.338,10.014,14.276
658,3.3760000000000003,3.678,4.06,4.66,2.998,3.232,9.966,14.184000000000001
659,3.2880000000000003,3.564,3.9299999999999997,4.510000000000001,2.914,3.126,9.918,14.092
660,3.2,3.45,3.8,4.36,2.83,3.02,9.87,14.0
661,3.1220000000000003,3.3520000000000003,3.686,4.226,2.762,2.93,9.626,13.716
662,3.044,3.254,3.572,4.0920000000000005,2.694,2.84,9.382,13.432
663,2.966,3.156,3.458,3.958,2.6260000000000003,2.75,9.138,13.148
664,2.888,3.058,3.344,3.824,2.5580000000000003,2.6599999999999997,8.894,12.864
665,2.81,2.96,3.23,3.69,2.49,2.57,8.65,12.58
666,2.742,2.878,3.134,3.578,2.43,2.496,8.374,12.262
667,2.674,2.796,3.038,3.4659999999999997,2.37,2.422,8.098,11.944
668,2.6060000000000003,2.714,2.942,3.354,2.31,2.348,7.822,11.626
669,2.5380000000000003,2.6319999999999997,2.846,3.242,2.25,2.274,7.545999999999999,11.308
670,2.47,2.55,2.75,3.13,2.19,2.2,7.27,10.99
671,2.4120000000000004,2.4779999999999998,2.666,3.032,2.138,2.1340000000000003,7.104,10.788
672,2.354,2.4059999999999997,2.582,2.934,2.086,2.068,6.938,10.586
673,2.2960000000000003,2.334,2.498,2.8360000000000003,2.034,2.0020000000000002,6.772,10.384
674,2.238,2.262,2.414,2.738,1.982,1.9360000000000002,6.606,10.182
675,2.18,2.19,2.33,2.64,1.93,1.87,6.44,9.98
676,2.13,2.13,2.262,2.56,1.886,1.816,6.3180000000000005,9.828000000000001
677,2.08,2.07,2.194,2.48,1.8419999999999999,1.762,6.196000000000001,9.676
678,2.0300000000000002,2.01,2.126,2.4000000000000004,1.798,1.7080000000000002,6.074,9.524000000000001
679,1.98,1.95,2.058,2.3200000000000003,1.754,1.6540000000000001,5.952,9.372
680,1.93,1.89,1.99,2.24,1.71,1.6,5.83,9.22
681,1.888,1.8399999999999999,1.932,2.1740000000000004,1.672,1.554,5.746,9.1
682,1.8459999999999999,1.7899999999999998,1.8739999999999999,2.108,1.634,1.508,5.662,8.98
683,1.8039999999999998,1.7399999999999998,1.8159999999999998,2.042,1.596,1.4620000000000002,5.578,8.86
684,1.762,1.69,1.758,1.976,1.558,1.4160000000000001,5.494,8.74
685,1.72,1.64,1.7,1.91,1.52,1.37,5.41,8.62
686,1.71,1.6179999999999999,1.67,1.8679999999999999,1.512,1.354,5.336,8.51
687,1.7,1.5959999999999999,1.64,1.8259999999999998,1.504,1.338,5.2620000000000005,8.4
688,1.69,1.574,1.61,1.7839999999999998,1.496,1.322,5.188,8.29
689,1.68,1.552,1.58,1.742,1.488,1.306,5.114,8.18
690,1.67,1.53,1.55,1.7,1.48,1.29,5.04,8.07
691,1.6219999999999999,1.478,1.494,1.638,1.436,1.242,4.946,7.934
692,1.5739999999999998,1.426,1.438,1.5759999999999998,1.392,1.194,4.852,7.798
693,1.5259999999999998,1.374,1.3820000000000001,1.5139999999999998,1.3479999999999999,1.146,4.758,7.662
694,1.478,1.322,1.326,1.452,1.304,1.098,4.664000000000001,7.526
695,1.43,1.27,1.27,1.39,1.26,1.05,4.57,7.39
696,1.402,1.236,1.234,1.3479999999999999,1.234,1.022,4.48,7.254
697,1.3739999999999999,1.202,1.198,1.3059999999999998,1.208,0.994,4.390000000000001,7.117999999999999
698,1.346,1.1680000000000001,1.1620000000000001,1.2639999999999998,1.182,0.966,4.3,6.982
699,1.318,1.1340000000000001,1.1260000000000001,1.222,1.156,0.9380000000000001,4.21,6.846
700,1.29,1.1,1.09,1.18,1.13,0.91,4.12,6.71
701,1.27,1.078,1.064,1.15,1.1139999999999999,0.89,4.05,6.6
702,1.25,1.056,1.038,1.1199999999999999,1.0979999999999999,0.87,3.98,6.49
703,1.23,1.034,1.012,1.09,1.082,0.8500000000000001,3.91,6.38
704,1.21,1.012,0.986,1.06,1.066,0.8300000000000001,3.84,6.2700000000000005
705,1.19,0.99,0.96,1.03,1.05,0.81,3.77,6.16
706,1.168,0.968,0.9339999999999999,1.0,1.032,0.79,3.708,6.054
707,1.146,0.946,0.9079999999999999,0.97,1.014,0.77,3.646,5.948
708,1.124,0.9239999999999999,0.8819999999999999,0.94,0.996,0.75,3.584,5.842
709,1.102,0.902,0.856,0.91,0.978,0.73,3.522,5.736
710,1.08,0.88,0.83,0.88,0.96,0.71,3.46,5.63
711,1.056,0.856,0.8059999999999999,0.852,0.938,0.69,3.384,5.51
712,1.032,0.832,0.7819999999999999,0.824,0.9159999999999999,0.6699999999999999,3.308,5.39
713,1.008,0.808,0.758,0.796,0.8939999999999999,0.65,3.232,5.2700000000000005
714,0.984,0.784,0.734,0.768,0.872,0.63,3.156,5.15
715,0.96,0.76,0.71,0.74,0.85,0.61,3.08,5.03
716,0.944,0.744,0.692,0.72,0.836,0.596,3.0100000000000002,4.916
717,0.9279999999999999,0.728,0.6739999999999999,0.7,0.822,0.582,2.94,4.8020000000000005
718,0.912,0.7120000000000001,0.656,0.68,0.808,0.5680000000000001,2.87,4.688
719,0.896,0.6960000000000001,0.638,0.66,0.794,0.554,2.8,4.574
720,0.88,0.68,0.62,0.64,0.78,0.54,2.73,4.46
721,0.866,0.666,0.604,0.62,0.768,0.528,2.678,4.372
722,0.852,0.652,0.588,0.6,0.756,0.516,2.626,4.284
723,0.8380000000000001,0.638,0.5720000000000001,0.5800000000000001,0.744,0.504,2.5740000000000003,4.196
724,0.8240000000000001,0.624,0.556,0.56,0.732,0.492,2.5220000000000002,4.108
725,0.81,0.61,0.54,0.54,0.72,0.48,2.47,4.02
726,0.802,0.6,0.53,0.53,0.712,0.472,2.426,3.9479999999999995
727,0.794,0.59,0.52,0.52,0.704,0.46399999999999997,2.382,3.876
728,0.786,0.5800000000000001,0.51,0.51,0.6960000000000001,0.456,2.338,3.804
729,0.778,0.5700000000000001,0.5,0.5,0.6880000000000001,0.448,2.294,3.732
730,0.77,0.56,0.49,0.49,0.68,0.44,2.25,3.66
731,0.766,0.556,0.484,0.484,0.678,0.438,2.212,3.6
732,0.762,0.552,0.478,0.478,0.676,0.436,2.174,3.54
733,0.758,0.548,0.47200000000000003,0.47200000000000003,0.674,0.434,2.136,3.48
734,0.754,0.544,0.466,0.466,0.672,0.432,2.098,3.42
735,0.75,0.54,0.46,0.46,0.67,0.43,2.06,3.36
736,0.746,0.534,0.454,0.452,0.666,0.424,2.028,3.306
737,0.742,0.528,0.448,0.444,0.662,0.418,1.996,3.252
738,0.738,0.522,0.442,0.436,0.658,0.41200000000000003,1.964,3.198
739,0.734,0.516,0.436,0.428,0.654,0.406,1.932,3.1439999999999997
740,0.73,0.51,0.43,0.42,0.65,0.4,1.9,3.09
741,0.72,0.502,0.422,0.41,0.642,0.394,1.8699999999999999,3.042
742,0.71,0.494,0.414,0.39999999999999997,0.634,0.388,1.8399999999999999,2.9939999999999998
743,0.7000000000000001,0.486,0.406,0.39,0.626,0.382,1.81,2.946
744,0.6900000000000001,0.478,0.398,0.38,0.618,0.376,1.78,2.898
745,0.68,0.47,0.39,0.37,0.61,0.37,1.75,2.85
746,0.682,0.47,0.39,0.37,0.612,0.372,1.724,2.81
747,0.684,0.47,0.39,0.37,0.614,0.374,1.698,2.77
748,0.6859999999999999,0.47,0.39,0.37,0.616,0.376,1.6720000000000002,2.73
749,0.688,0.47,0.39,0.37,0.618,0.378,1.6460000000000001,2.69
750,0.69,0.47,0.39,0.37,0.62,0.38,1.62,2.65
751,0.6799999999999999,0.46199999999999997,0.382,0.362,0.614,0.374,1.604,2.622
752,0.6699999999999999,0.45399999999999996,0.374,0.354,0.608,0.368,1.588,2.594
753,0.66,0.446,0.366,0.34600000000000003,0.602,0.362,1.572,2.566
754,0.65,0.438,0.358,0.338,0.596,0.356,1.556,2.538
755,0.64,0.43,0.35,0.33,0.59,0.35,1.54,2.51
756,0.648,0.436,0.356,0.334,0.596,0.358,1.522,2.4819999999999998
757,0.656,0.442,0.362,0.338,0.602,0.366,1.504,2.4539999999999997
758,0.664,0.448,0.368,0.34199999999999997,0.608,0.374,1.486,2.426
759,0.672,0.454,0.374,0.346,0.614,0.382,1.468,2.398
760,0.68,0.46,0.38,0.35,0.62,0.39,1.45,2.37
761,0.682,0.462,0.382,0.352,0.624,0.394,1.424,2.326
762,0.684,0.464,0.384,0.354,0.628,0.398,1.398,2.282
763,0.6859999999999999,0.46599999999999997,0.386,0.356,0.632,0.40199999999999997,1.372,2.238
764,0.688,0.46799999999999997,0.388,0.358,0.636,0.40599999999999997,1.346,2.194
765,0.69,0.47,0.39,0.36,0.64,0.41,1.32,2.15
766,0.6739999999999999,0.45599999999999996,0.378,0.35,0.622,0.39399999999999996,1.29,2.098
767,0.6579999999999999,0.442,0.366,0.33999999999999997,0.604,0.378,1.26,2.046
768,0.642,0.428,0.354,0.33,0.5860000000000001,0.362,1.23,1.9939999999999998
769,0.626,0.41400000000000003,0.342,0.32,0.5680000000000001,0.346,1.2,1.942
770,0.61,0.4,0.33,0.31,0.55,0.33,1.17,1.89
771,0.592,0.386,0.32,0.3,0.534,0.316,1.134,1.8339999999999999
772,0.574,0.372,0.31,0.29,0.518,0.302,1.0979999999999999,1.778
773,0.556,0.358,0.30000000000000004,0.28,0.502,0.28800000000000003,1.062,1.722
774,0.538,0.34400000000000003,0.29000000000000004,0.27,0.486,0.274,1.026,1.6660000000000001
775,0.52,0.33,0.28,0.26,0.47,0.26,0.99,1.61
776,0.502,0.318,0.266,0.246,0.45599999999999996,0.25,0.954,1.552
777,0.484,0.306,0.252,0.232,0.442,0.24,0.918,1.494
778,0.46599999999999997,0.29400000000000004,0.238,0.218,0.428,0.22999999999999998,0.882,1.436
779,0.448,0.28200000000000003,0.224,0.20400000000000001,0.41400000000000003,0.22,0.8460000000000001,1.3780000000000001
780,0.43,0.27,0.21,0.19,0.4,0.21,0.81,1.32
